name,forename,mailaddress,surname
Alison Wickens,Alison,Alison.Wickens@ih71.com,Wickens
Teegan Riggs,Teegan,Teegan.Riggs@o73m.com,Riggs
Sheena Churchill,Sheena,Sheena.Churchill@jzlx.com,Churchill
Nell Prosser,Nell,Nell.Prosser@zq7h.com,Prosser
Felix Melendez,Felix,Felix.Melendez@royj.com,Melendez
Callan Amos,Callan,Callan.Amos@pija.com,Amos
Emily Cortez,Emily,Emily.Cortez@7cjh.com,Cortez
Libby Morales,Libby,Libby.Morales@nn47.com,Morales
Kira O'Reilly,Kira,Kira.O'Reilly@vdjw.com,O'Reilly
Jayce Paul,Jayce,Jayce.Paul@zk18.com,Paul
Dante Salazar,Dante,Dante.Salazar@ubkm.com,Salazar
Mackenzie Guy,Mackenzie,Mackenzie.Guy@a782.com,Guy
Syeda Booker,Syeda,Syeda.Booker@4vpn.com,Booker
Armaan Naylor,Armaan,Armaan.Naylor@9wbv.com,Naylor
Opal Redman,Opal,Opal.Redman@i841.com,Redman
Lacey-Mae Collier,Lacey-Mae,Lacey-Mae.Collier@5gna.com,Collier
Lina Owen,Lina,Lina.Owen@jzpx.com,Owen
Rayyan Page,Rayyan,Rayyan.Page@jqms.com,Page
Thierry Diaz,Thierry,Thierry.Diaz@h67y.com,Diaz
Lilly-Mai Sanford,Lilly-Mai,Lilly-Mai.Sanford@whcj.com,Sanford
Teigan Macdonald,Teigan,Teigan.Macdonald@518t.com,Macdonald
Alma Lucero,Alma,Alma.Lucero@blpq.com,Lucero
Mollie Bright,Mollie,Mollie.Bright@fn3t.com,Bright
Keisha Schultz,Keisha,Keisha.Schultz@cuu2.com,Schultz
Martyna Johnson,Martyna,Martyna.Johnson@alq5.com,Johnson
Milena Vaughan,Milena,Milena.Vaughan@ejxb.com,Vaughan
Yusra French,Yusra,Yusra.French@pr9e.com,French
Charlene Pitt,Charlene,Charlene.Pitt@ht7z.com,Pitt
Martha Gonzalez,Martha,Martha.Gonzalez@dbbo.com,Gonzalez
Harri Bassett,Harri,Harri.Bassett@thd1.com,Bassett
Lucie Hodson,Lucie,Lucie.Hodson@qvsg.com,Hodson
Crystal Hayward,Crystal,Crystal.Hayward@w6ed.com,Hayward
Marsha Lindsey,Marsha,Marsha.Lindsey@amzg.com,Lindsey
Emmeline Vasquez,Emmeline,Emmeline.Vasquez@cxye.com,Vasquez
Sanah Douglas,Sanah,Sanah.Douglas@32ey.com,Douglas
Mabel Curtis,Mabel,Mabel.Curtis@32dh.com,Curtis
Natalie Farrell,Natalie,Natalie.Farrell@zngy.com,Farrell
Skyler Lutz,Skyler,Skyler.Lutz@oahm.com,Lutz
Imogen Velazquez,Imogen,Imogen.Velazquez@25n8.com,Velazquez
Saffron Pickett,Saffron,Saffron.Pickett@6xoy.com,Pickett
Dianne Power,Dianne,Dianne.Power@k681.com,Power
Rayan Baldwin,Rayan,Rayan.Baldwin@npkg.com,Baldwin
Rubie Blackburn,Rubie,Rubie.Blackburn@hzfv.com,Blackburn
Nellie Clemons,Nellie,Nellie.Clemons@fsov.com,Clemons
Leona Alfaro,Leona,Leona.Alfaro@ko3u.com,Alfaro
Aleena Esquivel,Aleena,Aleena.Esquivel@1u73.com,Esquivel
Kinsley Sweeney,Kinsley,Kinsley.Sweeney@39a3.com,Sweeney
Josephine Paterson,Josephine,Josephine.Paterson@ubb2.com,Paterson
Judy Donnelly,Judy,Judy.Donnelly@6e11.com,Donnelly
Brandy Frazier,Brandy,Brandy.Frazier@3kub.com,Frazier
Amanda Gregory,Amanda,Amanda.Gregory@82nc.com,Gregory
Vicki Whitehouse,Vicki,Vicki.Whitehouse@wqhg.com,Whitehouse
Iram Velez,Iram,Iram.Velez@bokj.com,Velez
Abbi Conrad,Abbi,Abbi.Conrad@6ywi.com,Conrad
Saira Knapp,Saira,Saira.Knapp@ynph.com,Knapp
Norah Foley,Norah,Norah.Foley@zca6.com,Foley
Jacqueline Mackenzie,Jacqueline,Jacqueline.Mackenzie@9898.com,Mackenzie
Lilli Montoya,Lilli,Lilli.Montoya@ubko.com,Montoya
Riya May,Riya,Riya.May@siwt.com,May
Danielle Herrera,Danielle,Danielle.Herrera@qfvg.com,Herrera
Kimberly Campbell,Kimberly,Kimberly.Campbell@tv2t.com,Campbell
Lachlan Davenport,Lachlan,Lachlan.Davenport@flya.com,Davenport
Kacie Stubbs,Kacie,Kacie.Stubbs@evkv.com,Stubbs
Gabriella Hoover,Gabriella,Gabriella.Hoover@am3b.com,Hoover
Klaudia Coates,Klaudia,Klaudia.Coates@j4po.com,Coates
Freddie Griffith,Freddie,Freddie.Griffith@1aw3.com,Griffith
Chantelle Boyce,Chantelle,Chantelle.Boyce@nxa5.com,Boyce
Emma Salinas,Emma,Emma.Salinas@6g1o.com,Salinas
Jai Guerrero,Jai,Jai.Guerrero@ri65.com,Guerrero
Milana Xiong,Milana,Milana.Xiong@cafx.com,Xiong
Alessia Lyons,Alessia,Alessia.Lyons@wdjk.com,Lyons
Ayla Snow,Ayla,Ayla.Snow@1qan.com,Snow
Veronica Cano,Veronica,Veronica.Cano@ps2o.com,Cano
Maryam Bass,Maryam,Maryam.Bass@sql3.com,Bass
Bethany Myers,Bethany,Bethany.Myers@96sg.com,Myers
Maxine Greaves,Maxine,Maxine.Greaves@5m7t.com,Greaves
Deborah Chavez,Deborah,Deborah.Chavez@ceos.com,Chavez
Farah Mac,Farah,Farah.Mac@vnz3.com,Mac
Amber Cisneros,Amber,Amber.Cisneros@3vvo.com,Cisneros
Karina Gardner,Karina,Karina.Gardner@l56b.com,Gardner
Rudy Bishop,Rudy,Rudy.Bishop@qbjg.com,Bishop
Maisey Hassan,Maisey,Maisey.Hassan@cwyq.com,Hassan
Abbey Rose,Abbey,Abbey.Rose@r67z.com,Rose
Kate Hilton,Kate,Kate.Hilton@q19f.com,Hilton
Karla Markham,Karla,Karla.Markham@xub7.com,Markham
Louisa Warner,Louisa,Louisa.Warner@oknm.com,Warner
Shelly Burgess,Shelly,Shelly.Burgess@554e.com,Burgess
Rihanna Griffin,Rihanna,Rihanna.Griffin@yks1.com,Griffin
Victoria Martinez,Victoria,Victoria.Martinez@4ped.com,Martinez
Annabella Wu,Annabella,Annabella.Wu@xjme.com,Wu
Keira Draper,Keira,Keira.Draper@ou9d.com,Draper
Ami Kaufman,Ami,Ami.Kaufman@45vt.com,Kaufman
Alana Combs,Alana,Alana.Combs@345c.com,Combs
Tegan Pratt,Tegan,Tegan.Pratt@k4ys.com,Pratt
Mika Harper,Mika,Mika.Harper@kanc.com,Harper
Alix Esparza,Alix,Alix.Esparza@u3hx.com,Esparza
Carson Coulson,Carson,Carson.Coulson@7e5m.com,Coulson
Nichole Atkinson,Nichole,Nichole.Atkinson@89dg.com,Atkinson
Maureen Valdez,Maureen,Maureen.Valdez@wfcd.com,Valdez
Addison Humphrey,Addison,Addison.Humphrey@bct9.com,Humphrey
Marjorie Dickerson,Marjorie,Marjorie.Dickerson@r2dq.com,Dickerson
Maya Guerrero,Maya,Maya.Guerrero@o4d4.com,Guerrero
Melinda Finnegan,Melinda,Melinda.Finnegan@gmoo.com,Finnegan
Codie Bautista,Codie,Codie.Bautista@zsjo.com,Bautista
Rhea Braun,Rhea,Rhea.Braun@9ge9.com,Braun
Isha Timms,Isha,Isha.Timms@uucs.com,Timms
Hayleigh Galloway,Hayleigh,Hayleigh.Galloway@523k.com,Galloway
Kane Wharton,Kane,Kane.Wharton@tduj.com,Wharton
Ava-Mae Dunne,Ava-Mae,Ava-Mae.Dunne@wb34.com,Dunne
Breanna Corrigan,Breanna,Breanna.Corrigan@51py.com,Corrigan
Pippa Robertson,Pippa,Pippa.Robertson@z1o3.com,Robertson
Robbie Person,Robbie,Robbie.Person@z8pb.com,Person
Fatimah Hunter,Fatimah,Fatimah.Hunter@zuqt.com,Hunter
Bethany Ireland,Bethany,Bethany.Ireland@rnhy.com,Ireland
Inaya Spears,Inaya,Inaya.Spears@liyn.com,Spears
Anna Mcfarland,Anna,Anna.Mcfarland@hdwa.com,Mcfarland
Maureen Mcknight,Maureen,Maureen.Mcknight@6gns.com,Mcknight
Bryony Daugherty,Bryony,Bryony.Daugherty@7aei.com,Daugherty
Jean Strong,Jean,Jean.Strong@q63c.com,Strong
Myrtle Roth,Myrtle,Myrtle.Roth@3yf9.com,Roth
Hazel Shelton,Hazel,Hazel.Shelton@7gcd.com,Shelton
Aminah Walters,Aminah,Aminah.Walters@1niw.com,Walters
Syeda Rudd,Syeda,Syeda.Rudd@1rxe.com,Rudd
Sanaa Beltran,Sanaa,Sanaa.Beltran@cgb3.com,Beltran
Kyan Wilkes,Kyan,Kyan.Wilkes@mcxl.com,Wilkes
Lynda Lu,Lynda,Lynda.Lu@xi3c.com,Lu
Karolina Cassidy,Karolina,Karolina.Cassidy@c871.com,Cassidy
Elaine William,Elaine,Elaine.William@3avy.com,William
Kameron Macias,Kameron,Kameron.Macias@lekz.com,Macias
Delores Burks,Delores,Delores.Burks@2k1z.com,Burks
Violet Andrews,Violet,Violet.Andrews@pvvt.com,Andrews
Dante Haworth,Dante,Dante.Haworth@p9fd.com,Haworth
Ariana Nelson,Ariana,Ariana.Nelson@m6az.com,Nelson
Addie Burn,Addie,Addie.Burn@jnp2.com,Burn
Charmaine Mckee,Charmaine,Charmaine.Mckee@ddig.com,Mckee
Inez Mackenzie,Inez,Inez.Mackenzie@m2z2.com,Mackenzie
Beverly House,Beverly,Beverly.House@mwrp.com,House
Millicent Holland,Millicent,Millicent.Holland@2tck.com,Holland
Esme Morgan,Esme,Esme.Morgan@gd33.com,Morgan
Flora Decker,Flora,Flora.Decker@5yw8.com,Decker
Michele Robbins,Michele,Michele.Robbins@3o2z.com,Robbins
Beulah Donald,Beulah,Beulah.Donald@jah4.com,Donald
Jazmine Hagan,Jazmine,Jazmine.Hagan@lpq2.com,Hagan
Ophelia Ho,Ophelia,Ophelia.Ho@5v7x.com,Ho
Elise Pennington,Elise,Elise.Pennington@ijbe.com,Pennington
Lexi Wright,Lexi,Lexi.Wright@i93q.com,Wright
Milena Monroe,Milena,Milena.Monroe@oftp.com,Monroe
Stella Woodard,Stella,Stella.Woodard@3xpp.com,Woodard
Lily-Mai Ibarra,Lily-Mai,Lily-Mai.Ibarra@3ubn.com,Ibarra
Izabella Spooner,Izabella,Izabella.Spooner@346y.com,Spooner
Juliet Mansell,Juliet,Juliet.Mansell@738z.com,Mansell
Melody Deleon,Melody,Melody.Deleon@rwm9.com,Deleon
Roberta Davey,Roberta,Roberta.Davey@46ym.com,Davey
Connah Bolton,Connah,Connah.Bolton@za1d.com,Bolton
Cian Lopez,Cian,Cian.Lopez@3kwk.com,Lopez
Kofi Rosas,Kofi,Kofi.Rosas@qxo5.com,Rosas
Jennie Hogan,Jennie,Jennie.Hogan@9v7v.com,Hogan
Shelby Pope,Shelby,Shelby.Pope@w2d4.com,Pope
Princess Mcneil,Princess,Princess.Mcneil@1e2r.com,Mcneil
Sanah Weir,Sanah,Sanah.Weir@lwz2.com,Weir
Alannah Redfern,Alannah,Alannah.Redfern@h476.com,Redfern
Annabella Maddox,Annabella,Annabella.Maddox@l63o.com,Maddox
Nikola Marin,Nikola,Nikola.Marin@ywd4.com,Marin
Teddie Cardenas,Teddie,Teddie.Cardenas@o8w7.com,Cardenas
Marlene Terry,Marlene,Marlene.Terry@14lu.com,Terry
Ariella Liu,Ariella,Ariella.Liu@kaem.com,Liu
Larissa Savage,Larissa,Larissa.Savage@un7f.com,Savage
Daria Travers,Daria,Daria.Travers@d4yi.com,Travers
Marie Brett,Marie,Marie.Brett@zyq4.com,Brett
Isa Maynard,Isa,Isa.Maynard@2aao.com,Maynard
Kirby Roberts,Kirby,Kirby.Roberts@xrsw.com,Roberts
Roan Hussain,Roan,Roan.Hussain@z8l7.com,Hussain
Daisy Dejesus,Daisy,Daisy.Dejesus@2zz6.com,Dejesus
Aubrey Walton,Aubrey,Aubrey.Walton@zfe2.com,Walton
Patsy Scott,Patsy,Patsy.Scott@8rpu.com,Scott
Mallory Bowers,Mallory,Mallory.Bowers@13lu.com,Bowers
Nia Meza,Nia,Nia.Meza@n9mj.com,Meza
Aysha Walmsley,Aysha,Aysha.Walmsley@x5ww.com,Walmsley
Shania Forrest,Shania,Shania.Forrest@gfc2.com,Forrest
Eilish Morse,Eilish,Eilish.Morse@dmrw.com,Morse
Kelsie Coffey,Kelsie,Kelsie.Coffey@urlo.com,Coffey
Asa Horner,Asa,Asa.Horner@kx7p.com,Horner
Jennifer Cummings,Jennifer,Jennifer.Cummings@65k2.com,Cummings
Coral Ware,Coral,Coral.Ware@wx32.com,Ware
Jamie Mejia,Jamie,Jamie.Mejia@kqgk.com,Mejia
Rosanna Kemp,Rosanna,Rosanna.Kemp@mf2j.com,Kemp
Finnley Hubbard,Finnley,Finnley.Hubbard@529i.com,Hubbard
Freya Bradford,Freya,Freya.Bradford@d857.com,Bradford
Mia-Rose Harris,Mia-Rose,Mia-Rose.Harris@zlrw.com,Harris
Kaci Marks,Kaci,Kaci.Marks@95s3.com,Marks
Lisa Lucero,Lisa,Lisa.Lucero@lk27.com,Lucero
Safiyyah O'Quinn,Safiyyah,Safiyyah.O'Quinn@tnjg.com,O'Quinn
Blanche Dudley,Blanche,Blanche.Dudley@3fy6.com,Dudley
Kennedy Joyce,Kennedy,Kennedy.Joyce@zeb8.com,Joyce
Norah Vickers,Norah,Norah.Vickers@lalg.com,Vickers
Nannie Hess,Nannie,Nannie.Hess@ic12.com,Hess
Halima Beaumont,Halima,Halima.Beaumont@1ddu.com,Beaumont
Autumn Cooley,Autumn,Autumn.Cooley@izac.com,Cooley
Iqra Kent,Iqra,Iqra.Kent@y2sa.com,Kent
Francesca Mckinney,Francesca,Francesca.Mckinney@i3lw.com,Mckinney
Keely Rivas,Keely,Keely.Rivas@1azg.com,Rivas
Dana Barrett,Dana,Dana.Barrett@4tby.com,Barrett
Michele Torres,Michele,Michele.Torres@hnl3.com,Torres
Dawn Adkins,Dawn,Dawn.Adkins@sfwh.com,Adkins
Kia Vance,Kia,Kia.Vance@5ig7.com,Vance
Margie Gale,Margie,Margie.Gale@ntgl.com,Gale
Iris Kouma,Iris,Iris.Kouma@jwef.com,Kouma
Madelaine Gregory,Madelaine,Madelaine.Gregory@x76i.com,Gregory
Astrid Velez,Astrid,Astrid.Velez@gf3r.com,Velez
Devin Mansell,Devin,Devin.Mansell@6ut8.com,Mansell
Penelope Akhtar,Penelope,Penelope.Akhtar@79nm.com,Akhtar
Mia-Rose Bains,Mia-Rose,Mia-Rose.Bains@ucep.com,Bains
Sidney Alvarado,Sidney,Sidney.Alvarado@wfju.com,Alvarado
Peggy Gordon,Peggy,Peggy.Gordon@l95u.com,Gordon
Amelia Gilbert,Amelia,Amelia.Gilbert@51re.com,Gilbert
Laurie Burgess,Laurie,Laurie.Burgess@tzpu.com,Burgess
Oliwia Summers,Oliwia,Oliwia.Summers@r2jv.com,Summers
Tyrese Woodcock,Tyrese,Tyrese.Woodcock@721r.com,Woodcock
Francis Hensley,Francis,Francis.Hensley@mvmk.com,Hensley
India Davey,India,India.Davey@qy98.com,Davey
Freya Snider,Freya,Freya.Snider@28hu.com,Snider
Micah Ashton,Micah,Micah.Ashton@7rs2.com,Ashton
Rhianna Bowman,Rhianna,Rhianna.Bowman@9lsk.com,Bowman
Beau Bowler,Beau,Beau.Bowler@xg6e.com,Bowler
Manha Castillo,Manha,Manha.Castillo@5vf6.com,Castillo
Latisha Woodard,Latisha,Latisha.Woodard@4hll.com,Woodard
Kasey Pearce,Kasey,Kasey.Pearce@xxsy.com,Pearce
Shona Young,Shona,Shona.Young@k994.com,Young
Caden Pate,Caden,Caden.Pate@qdwz.com,Pate
Isobella O'Quinn,Isobella,Isobella.O'Quinn@28dt.com,O'Quinn
Elizabeth Quintero,Elizabeth,Elizabeth.Quintero@sj9c.com,Quintero
Adalyn Gamble,Adalyn,Adalyn.Gamble@zhju.com,Gamble
Nicole Plant,Nicole,Nicole.Plant@qm1h.com,Plant
Makayla Stone,Makayla,Makayla.Stone@bzhy.com,Stone
Stephanie Redman,Stephanie,Stephanie.Redman@byhr.com,Redman
Connie Hanson,Connie,Connie.Hanson@4wz3.com,Hanson
Caelan Bruce,Caelan,Caelan.Bruce@v7wo.com,Bruce
Liberty Todd,Liberty,Liberty.Todd@echh.com,Todd
Yolanda Clarkson,Yolanda,Yolanda.Clarkson@plk4.com,Clarkson
Belle Chase,Belle,Belle.Chase@tipw.com,Chase
Elisa Mackenzie,Elisa,Elisa.Mackenzie@etco.com,Mackenzie
Emelia Meyers,Emelia,Emelia.Meyers@5cx3.com,Meyers
Kian Mason,Kian,Kian.Mason@3pvp.com,Mason
Leila Beard,Leila,Leila.Beard@eo7m.com,Beard
Siena Calderon,Siena,Siena.Calderon@3bf6.com,Calderon
Maariyah Moreno,Maariyah,Maariyah.Moreno@8g3y.com,Moreno
Abby Ratcliffe,Abby,Abby.Ratcliffe@2sfb.com,Ratcliffe
Debra Schmitt,Debra,Debra.Schmitt@3544.com,Schmitt
Rogan Vasquez,Rogan,Rogan.Vasquez@88cb.com,Vasquez
Mercedes Newman,Mercedes,Mercedes.Newman@s4lk.com,Newman
Joel Albert,Joel,Joel.Albert@sjtm.com,Albert
Stacey Cartwright,Stacey,Stacey.Cartwright@j6wp.com,Cartwright
Hermione Villarreal,Hermione,Hermione.Villarreal@s245.com,Villarreal
Tillie Dupont,Tillie,Tillie.Dupont@7ug4.com,Dupont
Anisha Hodson,Anisha,Anisha.Hodson@73aa.com,Hodson
Shayan Paul,Shayan,Shayan.Paul@lede.com,Paul
Sami Amin,Sami,Sami.Amin@48mj.com,Amin
Ashanti Rocha,Ashanti,Ashanti.Rocha@472m.com,Rocha
Anya Saunders,Anya,Anya.Saunders@tu7n.com,Saunders
Syed Higgins,Syed,Syed.Higgins@smaq.com,Higgins
Miley Adam,Miley,Miley.Adam@5xco.com,Adam
Iyla Beasley,Iyla,Iyla.Beasley@2c25.com,Beasley
Tania Woodley,Tania,Tania.Woodley@k6sr.com,Woodley
Lilly Davies,Lilly,Lilly.Davies@2bcp.com,Davies
Orla Warren,Orla,Orla.Warren@fdqk.com,Warren
Jeanette Rush,Jeanette,Jeanette.Rush@2lnm.com,Rush
Jamie Doherty,Jamie,Jamie.Doherty@8yam.com,Doherty
Kerrie Griffiths,Kerrie,Kerrie.Griffiths@ig4h.com,Griffiths
Ariana Kirby,Ariana,Ariana.Kirby@cyjr.com,Kirby
Saira Duarte,Saira,Saira.Duarte@3vzb.com,Duarte
Skyla Andersen,Skyla,Skyla.Andersen@vhd4.com,Andersen
Ira Aldred,Ira,Ira.Aldred@lxnk.com,Aldred
Raja Heaton,Raja,Raja.Heaton@48uz.com,Heaton
Paula Dalton,Paula,Paula.Dalton@p8vb.com,Dalton
Iman Mcgowan,Iman,Iman.Mcgowan@mb2v.com,Mcgowan
Kelis Cope,Kelis,Kelis.Cope@thkc.com,Cope
Dolores Stott,Dolores,Dolores.Stott@q7ei.com,Stott
Lilian Pruitt,Lilian,Lilian.Pruitt@kh4g.com,Pruitt
Bertha Hancock,Bertha,Bertha.Hancock@mrrs.com,Hancock
Kellie Valentine,Kellie,Kellie.Valentine@ewvg.com,Valentine
Wiktoria Sloan,Wiktoria,Wiktoria.Sloan@arik.com,Sloan
Klaudia Parry,Klaudia,Klaudia.Parry@2h7z.com,Parry
Sian Madden,Sian,Sian.Madden@jreh.com,Madden
Stella Thomas,Stella,Stella.Thomas@i11t.com,Thomas
Ruth Emery,Ruth,Ruth.Emery@8ofa.com,Emery
Charmaine Whyte,Charmaine,Charmaine.Whyte@ta19.com,Whyte
Sanaa Handley,Sanaa,Sanaa.Handley@tx6y.com,Handley
Marie Oconnell,Marie,Marie.Oconnell@nk6a.com,Oconnell
Taha Monroe,Taha,Taha.Monroe@at8a.com,Monroe
Kayden Barton,Kayden,Kayden.Barton@8z89.com,Barton
Ava-Rose Pritchard,Ava-Rose,Ava-Rose.Pritchard@awph.com,Pritchard
Marwa Drummond,Marwa,Marwa.Drummond@9o9x.com,Drummond
Felix Knight,Felix,Felix.Knight@wtfn.com,Knight
Mckenzie Cote,Mckenzie,Mckenzie.Cote@4lnr.com,Cote
Kiran Espinoza,Kiran,Kiran.Espinoza@gp6y.com,Espinoza
Tiana Holmes,Tiana,Tiana.Holmes@fjex.com,Holmes
Kieran Barr,Kieran,Kieran.Barr@7hh2.com,Barr
Nia Wilde,Nia,Nia.Wilde@nwyr.com,Wilde
Devon Irvine,Devon,Devon.Irvine@ipo7.com,Irvine
Landon Jordan,Landon,Landon.Jordan@dzqs.com,Jordan
Kye Mays,Kye,Kye.Mays@i3il.com,Mays
Lynn Hayden,Lynn,Lynn.Hayden@3mir.com,Hayden
Gabrielle Roy,Gabrielle,Gabrielle.Roy@344u.com,Roy
Rory Wheeler,Rory,Rory.Wheeler@5h54.com,Wheeler
Brooklyn Esparza,Brooklyn,Brooklyn.Esparza@pe6p.com,Esparza
Terri Hewitt,Terri,Terri.Hewitt@qhkm.com,Hewitt
Lula Huang,Lula,Lula.Huang@x4in.com,Huang
Angel Read,Angel,Angel.Read@8v5t.com,Read
Kyra Holding,Kyra,Kyra.Holding@cnho.com,Holding
Ellie-Mai Holman,Ellie-Mai,Ellie-Mai.Holman@bixk.com,Holman
Saffron Pruitt,Saffron,Saffron.Pruitt@arex.com,Pruitt
Jean Searle,Jean,Jean.Searle@r27o.com,Searle
Belle Tang,Belle,Belle.Tang@tc6p.com,Tang
Ayana Mccray,Ayana,Ayana.Mccray@188g.com,Mccray
Yvonne Beaumont,Yvonne,Yvonne.Beaumont@ibj9.com,Beaumont
Regina Andersen,Regina,Regina.Andersen@p9vq.com,Andersen
Susan Woodward,Susan,Susan.Woodward@us12.com,Woodward
Milena Horner,Milena,Milena.Horner@a911.com,Horner
Teegan Stone,Teegan,Teegan.Stone@mkki.com,Stone
Tabitha Edwards,Tabitha,Tabitha.Edwards@9yyk.com,Edwards
Clarissa Hulme,Clarissa,Clarissa.Hulme@kwzz.com,Hulme
Lenny Kirk,Lenny,Lenny.Kirk@gd8j.com,Kirk
Ellie-Mae Whitehouse,Ellie-Mae,Ellie-Mae.Whitehouse@qi6d.com,Whitehouse
Addison Lang,Addison,Addison.Lang@om2l.com,Lang
Libbie Conley,Libbie,Libbie.Conley@sjiu.com,Conley
Haniya Davie,Haniya,Haniya.Davie@c9fg.com,Davie
Rhiannon Vo,Rhiannon,Rhiannon.Vo@kwi2.com,Vo
Finnley Boyd,Finnley,Finnley.Boyd@mddq.com,Boyd
Aysha Poole,Aysha,Aysha.Poole@psrn.com,Poole
Toby Villa,Toby,Toby.Villa@c5t9.com,Villa
Astrid Cabrera,Astrid,Astrid.Cabrera@7w8e.com,Cabrera
Alesha Delgado,Alesha,Alesha.Delgado@kb1k.com,Delgado
Aidan Peel,Aidan,Aidan.Peel@c18o.com,Peel
Elsa Conner,Elsa,Elsa.Conner@6aah.com,Conner
Rayhan Rush,Rayhan,Rayhan.Rush@iekf.com,Rush
Anisha Buckner,Anisha,Anisha.Buckner@7fqx.com,Buckner
Abby Churchill,Abby,Abby.Churchill@w1pf.com,Churchill
Mischa Lara,Mischa,Mischa.Lara@pabn.com,Lara
Corey Bostock,Corey,Corey.Bostock@s17z.com,Bostock
Kit Rosa,Kit,Kit.Rosa@amn7.com,Rosa
Marion Becker,Marion,Marion.Becker@uc8f.com,Becker
Ashleigh Snyder,Ashleigh,Ashleigh.Snyder@ri7y.com,Snyder
Asher Maguire,Asher,Asher.Maguire@9bri.com,Maguire
Gladys Duarte,Gladys,Gladys.Duarte@khi8.com,Duarte
Esha Crowther,Esha,Esha.Crowther@pwdq.com,Crowther
Lilly-Mae Walter,Lilly-Mae,Lilly-Mae.Walter@pr69.com,Walter
Evelyn Morris,Evelyn,Evelyn.Morris@latl.com,Morris
Ariana Arroyo,Ariana,Ariana.Arroyo@r6sy.com,Arroyo
Tammy Burn,Tammy,Tammy.Burn@z297.com,Burn
Carole Roberson,Carole,Carole.Roberson@1mbk.com,Roberson
Halima Jackson,Halima,Halima.Jackson@1kem.com,Jackson
Mali Leal,Mali,Mali.Leal@e994.com,Leal
Lemar Blackwell,Lemar,Lemar.Blackwell@zaar.com,Blackwell
Jazmin Simon,Jazmin,Jazmin.Simon@8aco.com,Simon
Inayah Kline,Inayah,Inayah.Kline@r9sf.com,Kline
Gemma Schroeder,Gemma,Gemma.Schroeder@bamx.com,Schroeder
Eliza Felix,Eliza,Eliza.Felix@ll6k.com,Felix
Sofia Gross,Sofia,Sofia.Gross@ovfl.com,Gross
Alaina Bailey,Alaina,Alaina.Bailey@az4x.com,Bailey
Bailey Rice,Bailey,Bailey.Rice@7waq.com,Rice
Kirstie Pennington,Kirstie,Kirstie.Pennington@c9yh.com,Pennington
Kyan Camacho,Kyan,Kyan.Camacho@6wx2.com,Camacho
Honor Serrano,Honor,Honor.Serrano@b3z3.com,Serrano
Mabel Wu,Mabel,Mabel.Wu@nckl.com,Wu
Manha Knott,Manha,Manha.Knott@8yml.com,Knott
Jane Tierney,Jane,Jane.Tierney@sbxp.com,Tierney
Aleksandra Donnelly,Aleksandra,Aleksandra.Donnelly@iycw.com,Donnelly
Brandi Goodman,Brandi,Brandi.Goodman@xh9z.com,Goodman
Iram Booth,Iram,Iram.Booth@5n1l.com,Booth
Ava-Grace Benitez,Ava-Grace,Ava-Grace.Benitez@zyfg.com,Benitez
Vivienne Bullock,Vivienne,Vivienne.Bullock@3c7g.com,Bullock
Rebecca Fountain,Rebecca,Rebecca.Fountain@wc9a.com,Fountain
Lizzie Mcgrath,Lizzie,Lizzie.Mcgrath@16q2.com,Mcgrath
Kiran Schneider,Kiran,Kiran.Schneider@7c9p.com,Schneider
Aliyah Southern,Aliyah,Aliyah.Southern@58uz.com,Southern
Traci Wallis,Traci,Traci.Wallis@ufgf.com,Wallis
Taya Jenkins,Taya,Taya.Jenkins@7tdm.com,Jenkins
Aiza Moreno,Aiza,Aiza.Moreno@avni.com,Moreno
Tommy Wall,Tommy,Tommy.Wall@qpak.com,Wall
Michele Burke,Michele,Michele.Burke@ldui.com,Burke
Hana Paterson,Hana,Hana.Paterson@k6tl.com,Paterson
Lily-Rose Bowman,Lily-Rose,Lily-Rose.Bowman@wmd8.com,Bowman
Tayla Baird,Tayla,Tayla.Baird@cbgv.com,Baird
Charlie Vargas,Charlie,Charlie.Vargas@rzej.com,Vargas
Evangeline Navarro,Evangeline,Evangeline.Navarro@9vys.com,Navarro
Alix Sadler,Alix,Alix.Sadler@3jnd.com,Sadler
Maizie Tillman,Maizie,Maizie.Tillman@fx1a.com,Tillman
Etta Walton,Etta,Etta.Walton@4x2v.com,Walton
Lilian Aldred,Lilian,Lilian.Aldred@wmuv.com,Aldred
Kiara Macias,Kiara,Kiara.Macias@z1cs.com,Macias
Tessa Mccarty,Tessa,Tessa.Mccarty@s4kn.com,Mccarty
Eshal Bond,Eshal,Eshal.Bond@dhff.com,Bond
Carolyn Atkins,Carolyn,Carolyn.Atkins@gsvy.com,Atkins
Safia Parker,Safia,Safia.Parker@g64z.com,Parker
Velma Black,Velma,Velma.Black@4ip4.com,Black
Kirsten Workman,Kirsten,Kirsten.Workman@wjpn.com,Workman
Francis Arnold,Francis,Francis.Arnold@bfrj.com,Arnold
Kacey Schmitt,Kacey,Kacey.Schmitt@t4p3.com,Schmitt
Lucinda Holloway,Lucinda,Lucinda.Holloway@2awu.com,Holloway
Louisa Dunn,Louisa,Louisa.Dunn@s2aw.com,Dunn
Shelley Underwood,Shelley,Shelley.Underwood@4gba.com,Underwood
Heidi Clarke,Heidi,Heidi.Clarke@nrfm.com,Clarke
Regina Kennedy,Regina,Regina.Kennedy@7uga.com,Kennedy
Florence Hicks,Florence,Florence.Hicks@8d4s.com,Hicks
Cindy Giles,Cindy,Cindy.Giles@j8gs.com,Giles
Zaynah Arroyo,Zaynah,Zaynah.Arroyo@gx62.com,Arroyo
Mya Davila,Mya,Mya.Davila@q8sl.com,Davila
Penelope Gibbs,Penelope,Penelope.Gibbs@z5pc.com,Gibbs
Larissa Coles,Larissa,Larissa.Coles@15h5.com,Coles
Ayla Massey,Ayla,Ayla.Massey@g8b7.com,Massey
Ciaran Barclay,Ciaran,Ciaran.Barclay@zmxy.com,Barclay
Yasmin Stokes,Yasmin,Yasmin.Stokes@adt6.com,Stokes
Jeanette Burt,Jeanette,Jeanette.Burt@h5nj.com,Burt
Sian Seymour,Sian,Sian.Seymour@wlre.com,Seymour
Emmie Cote,Emmie,Emmie.Cote@ots6.com,Cote
Nichole Ingram,Nichole,Nichole.Ingram@jo6x.com,Ingram
Kennedy Simpson,Kennedy,Kennedy.Simpson@jjqf.com,Simpson
Paula Alston,Paula,Paula.Alston@27re.com,Alston
Rose Beil,Rose,Rose.Beil@gt1w.com,Beil
Ella Esquivel,Ella,Ella.Esquivel@clvf.com,Esquivel
Sky Mcnamara,Sky,Sky.Mcnamara@ddnk.com,Mcnamara
Destiny Sanford,Destiny,Destiny.Sanford@779d.com,Sanford
Tate Macgregor,Tate,Tate.Macgregor@ecu4.com,Macgregor
Etta Avalos,Etta,Etta.Avalos@4dx8.com,Avalos
Sophie Phillips,Sophie,Sophie.Phillips@uoy2.com,Phillips
Tamzin Henson,Tamzin,Tamzin.Henson@4jnt.com,Henson
Fleur Carr,Fleur,Fleur.Carr@4dxk.com,Carr
Lorna Clay,Lorna,Lorna.Clay@ekp5.com,Clay
Dustin Potts,Dustin,Dustin.Potts@jt1t.com,Potts
Honey Mcguire,Honey,Honey.Mcguire@p8py.com,Mcguire
Blanche Mac,Blanche,Blanche.Mac@96f1.com,Mac
Finley Watts,Finley,Finley.Watts@jmle.com,Watts
Erika Downs,Erika,Erika.Downs@uhkm.com,Downs
Jemma Beasley,Jemma,Jemma.Beasley@eumw.com,Beasley
Nettie King,Nettie,Nettie.King@8zag.com,King
Keely Valenzuela,Keely,Keely.Valenzuela@2966.com,Valenzuela
Sally Griffiths,Sally,Sally.Griffiths@u649.com,Griffiths
Alys Trevino,Alys,Alys.Trevino@jsvn.com,Trevino
Toni Worthington,Toni,Toni.Worthington@tdf5.com,Worthington
Matilda Rosas,Matilda,Matilda.Rosas@o2cl.com,Rosas
Kirstie Hendricks,Kirstie,Kirstie.Hendricks@ty44.com,Hendricks
Bronwyn Sweeney,Bronwyn,Bronwyn.Sweeney@9c2y.com,Sweeney
Macy Hoffman,Macy,Macy.Hoffman@vw3b.com,Hoffman
Demi Thornton,Demi,Demi.Thornton@l1a8.com,Thornton
Jada Aguilar,Jada,Jada.Aguilar@cuza.com,Aguilar
Aubrey Blackmore,Aubrey,Aubrey.Blackmore@h94j.com,Blackmore
Davina Broughton,Davina,Davina.Broughton@59si.com,Broughton
Safaa Mansell,Safaa,Safaa.Mansell@tz8n.com,Mansell
Hiba Brown,Hiba,Hiba.Brown@4mmx.com,Brown
Piper Timms,Piper,Piper.Timms@a6ui.com,Timms
Ellena Gamble,Ellena,Ellena.Gamble@9wcn.com,Gamble
Caitlyn Smart,Caitlyn,Caitlyn.Smart@e4li.com,Smart
Mandy Wainwright,Mandy,Mandy.Wainwright@rqsi.com,Wainwright
Estelle Fry,Estelle,Estelle.Fry@e45p.com,Fry
Viola Jimenez,Viola,Viola.Jimenez@5fvb.com,Jimenez
Fiona Ho,Fiona,Fiona.Ho@gqdf.com,Ho
Mercedes Dickens,Mercedes,Mercedes.Dickens@kdrp.com,Dickens
Luka Peck,Luka,Luka.Peck@wlr4.com,Peck
Anabelle Novak,Anabelle,Anabelle.Novak@bdpq.com,Novak
Lyndon Hebert,Lyndon,Lyndon.Hebert@xwu9.com,Hebert
Gladys Wardle,Gladys,Gladys.Wardle@fmaa.com,Wardle
Millie Rivas,Millie,Millie.Rivas@mhdo.com,Rivas
Wren Michael,Wren,Wren.Michael@qugb.com,Michael
Maddox Barnes,Maddox,Maddox.Barnes@i29z.com,Barnes
Tiegan Proctor,Tiegan,Tiegan.Proctor@1mxy.com,Proctor
Tammy Riddle,Tammy,Tammy.Riddle@vkjh.com,Riddle
Coby Hutchings,Coby,Coby.Hutchings@wf9w.com,Hutchings
Lily-Rose Watkins,Lily-Rose,Lily-Rose.Watkins@5ttc.com,Watkins
Ruby Webber,Ruby,Ruby.Webber@gdve.com,Webber
Wyatt Hough,Wyatt,Wyatt.Hough@zotc.com,Hough
Cheryl Cash,Cheryl,Cheryl.Cash@tb2o.com,Cash
Catrin Kane,Catrin,Catrin.Kane@ii3l.com,Kane
Polly Feeney,Polly,Polly.Feeney@c9ib.com,Feeney
Jesse Cairns,Jesse,Jesse.Cairns@dusk.com,Cairns
Tanner Liu,Tanner,Tanner.Liu@rxk9.com,Liu
Mahima Roberson,Mahima,Mahima.Roberson@o62k.com,Roberson
Charlotte House,Charlotte,Charlotte.House@boy8.com,House
Flynn Tapia,Flynn,Flynn.Tapia@px29.com,Tapia
Grace Hood,Grace,Grace.Hood@25q3.com,Hood
Betty Plant,Betty,Betty.Plant@ld3u.com,Plant
Zuzanna Horner,Zuzanna,Zuzanna.Horner@rusp.com,Horner
Kristina Meza,Kristina,Kristina.Meza@t32f.com,Meza
Alesha O'Neill,Alesha,Alesha.O'Neill@m2eh.com,O'Neill
Desiree Lewis,Desiree,Desiree.Lewis@br42.com,Lewis
Jamie Vickers,Jamie,Jamie.Vickers@f8lm.com,Vickers
Raya Wilkerson,Raya,Raya.Wilkerson@o9mu.com,Wilkerson
Lucille Fenton,Lucille,Lucille.Fenton@rsgq.com,Fenton
Danni Goldsmith,Danni,Danni.Goldsmith@mlnh.com,Goldsmith
Sienna Hahn,Sienna,Sienna.Hahn@pk2k.com,Hahn
Billie Young,Billie,Billie.Young@qaka.com,Young
Edna Trujillo,Edna,Edna.Trujillo@w5nv.com,Trujillo
Jude Hagan,Jude,Jude.Hagan@dqjq.com,Hagan
Suzanne Lim,Suzanne,Suzanne.Lim@9me6.com,Lim
Abby Perry,Abby,Abby.Perry@nfav.com,Perry
Tasnim Blankenship,Tasnim,Tasnim.Blankenship@jfg8.com,Blankenship
Anjali Murray,Anjali,Anjali.Murray@xel7.com,Murray
Tasmin Garcia,Tasmin,Tasmin.Garcia@ivmf.com,Garcia
Keegan Frost,Keegan,Keegan.Frost@f7tp.com,Frost
Benedict Irvine,Benedict,Benedict.Irvine@4mge.com,Irvine
Kerrie Baker,Kerrie,Kerrie.Baker@3mou.com,Baker
Kimberly Wilkes,Kimberly,Kimberly.Wilkes@4664.com,Wilkes
Leona Fry,Leona,Leona.Fry@vvk1.com,Fry
Aisling Harvey,Aisling,Aisling.Harvey@qkjh.com,Harvey
Mary Timms,Mary,Mary.Timms@69qt.com,Timms
Felicity Gale,Felicity,Felicity.Gale@2rtm.com,Gale
Honey Bernard,Honey,Honey.Bernard@oirt.com,Bernard
Elaine Ramirez,Elaine,Elaine.Ramirez@hulq.com,Ramirez
Joss Haney,Joss,Joss.Haney@suu5.com,Haney
Mckenzie Vance,Mckenzie,Mckenzie.Vance@cigm.com,Vance
Catriona Barton,Catriona,Catriona.Barton@trom.com,Barton
Raya Tierney,Raya,Raya.Tierney@zzav.com,Tierney
Tegan Dickens,Tegan,Tegan.Dickens@7cbb.com,Dickens
Kelsie Macleod,Kelsie,Kelsie.Macleod@1bca.com,Macleod
Lena William,Lena,Lena.William@34gz.com,William
Colette Haigh,Colette,Colette.Haigh@cylv.com,Haigh
Myrtle Medrano,Myrtle,Myrtle.Medrano@if8h.com,Medrano
Macie Wilkinson,Macie,Macie.Wilkinson@uae3.com,Wilkinson
Lorraine Willis,Lorraine,Lorraine.Willis@hhjb.com,Willis
Shayne John,Shayne,Shayne.John@bnxp.com,John
Emelia Vargas,Emelia,Emelia.Vargas@j3de.com,Vargas
Ethel Hurst,Ethel,Ethel.Hurst@1x4g.com,Hurst
Nichole Tapia,Nichole,Nichole.Tapia@byal.com,Tapia
Evie-Mae Grainger,Evie-Mae,Evie-Mae.Grainger@lava.com,Grainger
Victoria Costa,Victoria,Victoria.Costa@ud5r.com,Costa
Miranda Fountain,Miranda,Miranda.Fountain@q8k1.com,Fountain
Neha Hernandez,Neha,Neha.Hernandez@3lcj.com,Hernandez
Alexis Snow,Alexis,Alexis.Snow@xvts.com,Snow
Syed Donald,Syed,Syed.Donald@g7ju.com,Donald
Erica Underwood,Erica,Erica.Underwood@kxyu.com,Underwood
Etta Whitehead,Etta,Etta.Whitehead@kqzr.com,Whitehead
Henley Mckinney,Henley,Henley.Mckinney@9bkf.com,Mckinney
Mariah Romero,Mariah,Mariah.Romero@egqo.com,Romero
Jerry Morris,Jerry,Jerry.Morris@aogk.com,Morris
Kerrie Lott,Kerrie,Kerrie.Lott@eovg.com,Lott
Rosalie Garrison,Rosalie,Rosalie.Garrison@8ozr.com,Garrison
Reiss Diaz,Reiss,Reiss.Diaz@egno.com,Diaz
Ami Slater,Ami,Ami.Slater@bwmg.com,Slater
Kaci Harrison,Kaci,Kaci.Harrison@i2l1.com,Harrison
Ameera Parks,Ameera,Ameera.Parks@xf75.com,Parks
Paris Partridge,Paris,Paris.Partridge@4jmx.com,Partridge
Khloe Blair,Khloe,Khloe.Blair@knzf.com,Blair
Angelica Simpson,Angelica,Angelica.Simpson@t5ym.com,Simpson
Siena Reilly,Siena,Siena.Reilly@ki6z.com,Reilly
Davina Pace,Davina,Davina.Pace@rwrn.com,Pace
Jayden Lowery,Jayden,Jayden.Lowery@kix4.com,Lowery
Beverly Lister,Beverly,Beverly.Lister@q6y3.com,Lister
Corey Lancaster,Corey,Corey.Lancaster@7cwi.com,Lancaster
Iman Larson,Iman,Iman.Larson@1q9t.com,Larson
Maxine Gates,Maxine,Maxine.Gates@4ay4.com,Gates
June Carver,June,June.Carver@ot18.com,Carver
Rian Vo,Rian,Rian.Vo@x1o8.com,Vo
Melanie Steadman,Melanie,Melanie.Steadman@quap.com,Steadman
Juanita Crane,Juanita,Juanita.Crane@t1m9.com,Crane
Milan Potter,Milan,Milan.Potter@ft8a.com,Potter
Hope Warner,Hope,Hope.Warner@1f9x.com,Warner
Gabriel Moody,Gabriel,Gabriel.Moody@9etr.com,Moody
Hazel Mcintyre,Hazel,Hazel.Mcintyre@s91c.com,Mcintyre
Joey Richard,Joey,Joey.Richard@sjl7.com,Richard
Cecilia Flynn,Cecilia,Cecilia.Flynn@xxz1.com,Flynn
Colby Villalobos,Colby,Colby.Villalobos@rssl.com,Villalobos
Shelby Thorpe,Shelby,Shelby.Thorpe@q2qq.com,Thorpe
Mika Yates,Mika,Mika.Yates@l4gz.com,Yates
Teigan Whittle,Teigan,Teigan.Whittle@e4sl.com,Whittle
Lexi Chan,Lexi,Lexi.Chan@g3k9.com,Chan
Dustin James,Dustin,Dustin.James@booa.com,James
Stevie Dixon,Stevie,Stevie.Dixon@ptwk.com,Dixon
Aqsa Kim,Aqsa,Aqsa.Kim@9k5z.com,Kim
Michele Gardiner,Michele,Michele.Gardiner@glpy.com,Gardiner
Rosanna Lutz,Rosanna,Rosanna.Lutz@39s6.com,Lutz
Lila Padilla,Lila,Lila.Padilla@x5kh.com,Padilla
Anisa Conroy,Anisa,Anisa.Conroy@2ht4.com,Conroy
Morgan Montoya,Morgan,Morgan.Montoya@nwgk.com,Montoya
Rhianna Fleming,Rhianna,Rhianna.Fleming@w53j.com,Fleming
Elissa King,Elissa,Elissa.King@epjh.com,King
Chelsie Merritt,Chelsie,Chelsie.Merritt@t5wz.com,Merritt
Fearne Cooley,Fearne,Fearne.Cooley@t3sz.com,Cooley
Asa Stafford,Asa,Asa.Stafford@574v.com,Stafford
Ayesha Werner,Ayesha,Ayesha.Werner@kjgd.com,Werner
Joel Walker,Joel,Joel.Walker@2y5t.com,Walker
Amelie Mays,Amelie,Amelie.Mays@i9vp.com,Mays
Liliana Frame,Liliana,Liliana.Frame@9rlb.com,Frame
Milena Hubbard,Milena,Milena.Hubbard@1ioh.com,Hubbard
Zaina Sheppard,Zaina,Zaina.Sheppard@5wjt.com,Sheppard
Iram Ross,Iram,Iram.Ross@j5sd.com,Ross
Tiegan Gross,Tiegan,Tiegan.Gross@f7np.com,Gross
Everly Butler,Everly,Everly.Butler@tkvn.com,Butler
Rhea Senior,Rhea,Rhea.Senior@z3uz.com,Senior
Janet Goodman,Janet,Janet.Goodman@grpi.com,Goodman
Willow Sanders,Willow,Willow.Sanders@u3u7.com,Sanders
Rochelle Burke,Rochelle,Rochelle.Burke@wt3m.com,Burke
Shreya Hoffman,Shreya,Shreya.Hoffman@1xtk.com,Hoffman
Aizah Preston,Aizah,Aizah.Preston@hftw.com,Preston
Kennedy Ingram,Kennedy,Kennedy.Ingram@mjjs.com,Ingram
Zuzanna Kane,Zuzanna,Zuzanna.Kane@xo2w.com,Kane
Marian Hensley,Marian,Marian.Hensley@fwmt.com,Hensley
Ella Mueller,Ella,Ella.Mueller@mtfu.com,Mueller
Anaya Paul,Anaya,Anaya.Paul@8eov.com,Paul
Finn Wolfe,Finn,Finn.Wolfe@zj4w.com,Wolfe
Madelyn Ryan,Madelyn,Madelyn.Ryan@jgsa.com,Ryan
Beatrix Noble,Beatrix,Beatrix.Noble@5joc.com,Noble
Dianne North,Dianne,Dianne.North@k2mz.com,North
Sofia Derrick,Sofia,Sofia.Derrick@ywmd.com,Derrick
Francis Lane,Francis,Francis.Lane@ut59.com,Lane
Hattie Small,Hattie,Hattie.Small@kcvu.com,Small
Keely Stokes,Keely,Keely.Stokes@hamv.com,Stokes
Yvonne Kennedy,Yvonne,Yvonne.Kennedy@9pmt.com,Kennedy
Violet Howells,Violet,Violet.Howells@lf1r.com,Howells
Nina Hayes,Nina,Nina.Hayes@jctg.com,Hayes
Lori Swift,Lori,Lori.Swift@9xrc.com,Swift
Alicia Parkinson,Alicia,Alicia.Parkinson@2li2.com,Parkinson
Deborah Goff,Deborah,Deborah.Goff@46pr.com,Goff
Hilda Cairns,Hilda,Hilda.Cairns@lngl.com,Cairns
Daphne Lamb,Daphne,Daphne.Lamb@wsfw.com,Lamb
Abigail Haley,Abigail,Abigail.Haley@wdmq.com,Haley
Eliana Nieves,Eliana,Eliana.Nieves@1fxp.com,Nieves
Robyn Beck,Robyn,Robyn.Beck@93t8.com,Beck
Roberta Cassidy,Roberta,Roberta.Cassidy@oz8o.com,Cassidy
Margot Benjamin,Margot,Margot.Benjamin@ikmv.com,Benjamin
Harper Horne,Harper,Harper.Horne@tawz.com,Horne
Nichole Montoya,Nichole,Nichole.Montoya@tkci.com,Montoya
Hayley Hanson,Hayley,Hayley.Hanson@dije.com,Hanson
Madeline Bass,Madeline,Madeline.Bass@qmk6.com,Bass
Iris Kaur,Iris,Iris.Kaur@7kpk.com,Kaur
Tamara Adams,Tamara,Tamara.Adams@dsdi.com,Adams
Cindy Newman,Cindy,Cindy.Newman@t2u7.com,Newman
Caden Nairn,Caden,Caden.Nairn@6ajj.com,Nairn
Eshaal Bailey,Eshaal,Eshaal.Bailey@4mmq.com,Bailey
Kyra Burrows,Kyra,Kyra.Burrows@2lqw.com,Burrows
Sylvia Todd,Sylvia,Sylvia.Todd@p6di.com,Todd
Everly Robson,Everly,Everly.Robson@erqv.com,Robson
Rachael Mcfarland,Rachael,Rachael.Mcfarland@p2xx.com,Mcfarland
Elle Craft,Elle,Elle.Craft@ne13.com,Craft
Kayleigh Sutherland,Kayleigh,Kayleigh.Sutherland@vzd3.com,Sutherland
Isobel Dudley,Isobel,Isobel.Dudley@g1r9.com,Dudley
Rian Mckay,Rian,Rian.Mckay@yi9t.com,Mckay
Zain Robinson,Zain,Zain.Robinson@xyj4.com,Robinson
Tamzin Evans,Tamzin,Tamzin.Evans@1gge.com,Evans
Bronte Melendez,Bronte,Bronte.Melendez@v4kb.com,Melendez
Davina Holland,Davina,Davina.Holland@wcje.com,Holland
Lucie Morales,Lucie,Lucie.Morales@tscj.com,Morales
Jemima Webber,Jemima,Jemima.Webber@8nwk.com,Webber
Lillie-Mae Wilkerson,Lillie-Mae,Lillie-Mae.Wilkerson@dtzg.com,Wilkerson
Kinsley Taylor,Kinsley,Kinsley.Taylor@xoal.com,Taylor
Adrian Roberts,Adrian,Adrian.Roberts@sa9b.com,Roberts
Jordon Odonnell,Jordon,Jordon.Odonnell@zdpf.com,Odonnell
Taha Enriquez,Taha,Taha.Enriquez@xgx8.com,Enriquez
Camilla Copeland,Camilla,Camilla.Copeland@ungg.com,Copeland
Keeley Frank,Keeley,Keeley.Frank@gwe4.com,Frank
Harris Wallace,Harris,Harris.Wallace@x4xs.com,Wallace
Leanne Calderon,Leanne,Leanne.Calderon@6f5b.com,Calderon
Sidney Mackenzie,Sidney,Sidney.Mackenzie@xyxb.com,Mackenzie
Mae Xiong,Mae,Mae.Xiong@ib2u.com,Xiong
Fay Pearce,Fay,Fay.Pearce@p98r.com,Pearce
Tyra Delarosa,Tyra,Tyra.Delarosa@qcl1.com,Delarosa
Vanessa Lyons,Vanessa,Vanessa.Lyons@cuqa.com,Lyons
Zoe Bonner,Zoe,Zoe.Bonner@tq38.com,Bonner
Phoebe Martin,Phoebe,Phoebe.Martin@hfou.com,Martin
Pauline Holmes,Pauline,Pauline.Holmes@w48x.com,Holmes
Patricia Hull,Patricia,Patricia.Hull@zrps.com,Hull
Brody Pham,Brody,Brody.Pham@y12a.com,Pham
Yasmin Klein,Yasmin,Yasmin.Klein@4nze.com,Klein
Ava Prosser,Ava,Ava.Prosser@eutq.com,Prosser
Finn Choi,Finn,Finn.Choi@vdq1.com,Choi
Chelsie Fleming,Chelsie,Chelsie.Fleming@now7.com,Fleming
Helena Witt,Helena,Helena.Witt@f3jj.com,Witt
Tasmin Rodriquez,Tasmin,Tasmin.Rodriquez@51br.com,Rodriquez
Eva Chandler,Eva,Eva.Chandler@dv7w.com,Chandler
Rosalie Parsons,Rosalie,Rosalie.Parsons@dspj.com,Parsons
Jessica Puckett,Jessica,Jessica.Puckett@x57s.com,Puckett
Opal Shea,Opal,Opal.Shea@cpe5.com,Shea
Cathy Pennington,Cathy,Cathy.Pennington@z3xj.com,Pennington
Carole Mcmanus,Carole,Carole.Mcmanus@2mi9.com,Mcmanus
Tillie Hirst,Tillie,Tillie.Hirst@8ziz.com,Hirst
Asher Mendoza,Asher,Asher.Mendoza@kz8b.com,Mendoza
Milana Acosta,Milana,Milana.Acosta@s2oz.com,Acosta
Cassie Travis,Cassie,Cassie.Travis@j53t.com,Travis
August Carr,August,August.Carr@vpmx.com,Carr
Esther John,Esther,Esther.John@cj4b.com,John
Jannat Velazquez,Jannat,Jannat.Velazquez@m3dr.com,Velazquez
Ava-Rose Salas,Ava-Rose,Ava-Rose.Salas@k38x.com,Salas
Ava-Mae Mcmahon,Ava-Mae,Ava-Mae.Mcmahon@7urw.com,Mcmahon
Jaden Britt,Jaden,Jaden.Britt@so5g.com,Britt
Adalyn Anderson,Adalyn,Adalyn.Anderson@28jf.com,Anderson
Keziah Watt,Keziah,Keziah.Watt@pszl.com,Watt
Aneesa Figueroa,Aneesa,Aneesa.Figueroa@un17.com,Figueroa
Phoenix Cisneros,Phoenix,Phoenix.Cisneros@uvug.com,Cisneros
Sabrina Simons,Sabrina,Sabrina.Simons@ylu9.com,Simons
Destiny Golden,Destiny,Destiny.Golden@b6hq.com,Golden
Haydn Wormald,Haydn,Haydn.Wormald@pqqn.com,Wormald
Maya O'Connor,Maya,Maya.O'Connor@7fwt.com,O'Connor
Mamie Cline,Mamie,Mamie.Cline@5nss.com,Cline
Vivienne Hagan,Vivienne,Vivienne.Hagan@cuao.com,Hagan
Tye Cooke,Tye,Tye.Cooke@gxvv.com,Cooke
Rosie Booth,Rosie,Rosie.Booth@uyge.com,Booth
Connie Lyon,Connie,Connie.Lyon@9edx.com,Lyon
Bianca Burris,Bianca,Bianca.Burris@zvyy.com,Burris
Ray Cabrera,Ray,Ray.Cabrera@tk8u.com,Cabrera
Clare Oconnell,Clare,Clare.Oconnell@wnlw.com,Oconnell
Vivian Mcmillan,Vivian,Vivian.Mcmillan@xrea.com,Mcmillan
